{"cameraMode":{"drawMode":0,"name":"Shaded","section":"Shading Mode"},"sceneLighting":false,"audioPlay":false,"sceneViewState":{"showFog":true,"showMaterialUpdate":false,"showSkybox":true,"showFlares":true,"showImageEffects":true,"showParticleSystems":true},"in2DMode":false,"pivot":{"x":6.780179977416992,"y":3.6399736404418947,"z":20.120935440063478},"rotation":{"x":0.12198828905820847,"y":-0.6942716240882874,"z":0.12118557840585709,"w":0.6988704800605774},"size":43.18954849243164,"orthographic":false}