{"cameraMode":{"drawMode":0,"name":"Shaded","section":"Shading Mode"},"sceneLighting":false,"audioPlay":false,"sceneViewState":{"showFog":true,"showMaterialUpdate":false,"showSkybox":true,"showFlares":true,"showImageEffects":true,"showParticleSystems":true},"in2DMode":false,"pivot":{"x":-0.29802292585372927,"y":1.8460946083068848,"z":0.0},"rotation":{"x":0.15922550857067109,"y":0.6108564734458923,"z":0.1271342635154724,"w":-0.7650742530822754},"size":4.211954116821289,"orthographic":false}