{"cameraMode":{"drawMode":0,"name":"Shaded","section":"Shading Mode"},"sceneLighting":false,"audioPlay":false,"sceneViewState":{"showFog":true,"showMaterialUpdate":false,"showSkybox":true,"showFlares":true,"showImageEffects":true,"showParticleSystems":true},"in2DMode":false,"pivot":{"x":-2.784759998321533,"y":0.3963465690612793,"z":-4.887087821960449},"rotation":{"x":-0.428081214427948,"y":0.5718669295310974,"z":-0.4898599684238434,"w":-0.4997519850730896},"size":3.2392642498016359,"orthographic":false}