{"cameraMode":{"drawMode":0,"name":"Shaded","section":"Shading Mode"},"sceneLighting":false,"audioPlay":false,"sceneViewState":{"showFog":true,"showMaterialUpdate":false,"showSkybox":true,"showFlares":true,"showImageEffects":true,"showParticleSystems":true},"in2DMode":false,"pivot":{"x":7.778603553771973,"y":-0.05335068702697754,"z":7.5995330810546879},"rotation":{"x":-0.14920172095298768,"y":0.7912653684616089,"z":-0.21337293088436128,"w":-0.5532721281051636},"size":2.8069007396698,"orthographic":false}