{"cameraMode":{"drawMode":0,"name":"Shaded","section":"Shading Mode"},"sceneLighting":false,"audioPlay":false,"sceneViewState":{"showFog":true,"showMaterialUpdate":false,"showSkybox":true,"showFlares":true,"showImageEffects":true,"showParticleSystems":true},"in2DMode":false,"pivot":{"x":6.590181350708008,"y":1.015130639076233,"z":0.0},"rotation":{"x":0.30668380856513979,"y":0.04053130000829697,"z":-0.013073275797069073,"w":0.9508582353591919},"size":9.402271270751954,"orthographic":false}