{"cameraMode":{"drawMode":0,"name":"Shaded","section":"Shading Mode"},"sceneLighting":false,"audioPlay":false,"sceneViewState":{"showFog":true,"showMaterialUpdate":false,"showSkybox":true,"showFlares":true,"showImageEffects":true,"showParticleSystems":true},"in2DMode":false,"pivot":{"x":-2.280001163482666,"y":1.9999995231628419,"z":1.4901161193847657e-7},"rotation":{"x":0.08646566420793534,"y":0.12877203524112702,"z":-0.01126747578382492,"w":0.9878332614898682},"size":2.0183331966400148,"orthographic":false}