{"cameraMode":{"drawMode":0,"name":"Shaded","section":"Shading Mode"},"sceneLighting":true,"audioPlay":false,"sceneViewState":{"showFog":false,"showMaterialUpdate":false,"showSkybox":false,"showFlares":false,"showImageEffects":false,"showParticleSystems":false},"in2DMode":false,"pivot":{"x":0.0,"y":1.935499906539917,"z":12.529999732971192},"rotation":{"x":-0.0010814516572281719,"y":-0.6934030652046204,"z":0.0010406493674963713,"w":-0.7205483913421631},"size":9.609335899353028,"orthographic":false}