{"cameraMode":{"drawMode":0,"name":"Shaded","section":"Shading Mode"},"sceneLighting":false,"audioPlay":false,"sceneViewState":{"showFog":true,"showMaterialUpdate":false,"showSkybox":true,"showFlares":true,"showImageEffects":true,"showParticleSystems":true},"in2DMode":false,"pivot":{"x":-6.095508575439453,"y":-0.3042939007282257,"z":0.20536038279533387},"rotation":{"x":0.08484157174825669,"y":-0.6915372610092163,"z":0.08233266323804856,"w":0.7126004695892334},"size":2.8049373626708986,"orthographic":false}