{"cameraMode":{"drawMode":0,"name":"Shaded","section":"Shading Mode"},"sceneLighting":true,"audioPlay":false,"sceneViewState":{"showFog":false,"showMaterialUpdate":false,"showSkybox":false,"showFlares":false,"showImageEffects":false,"showParticleSystems":false},"in2DMode":false,"pivot":{"x":3.773737668991089,"y":1.4784011840820313,"z":7.6352715492248539},"rotation":{"x":0.12738944590091706,"y":-0.7123982906341553,"z":0.13405558466911317,"w":0.6769709587097168},"size":4.4126787185668949,"orthographic":false}