{"cameraMode":{"drawMode":0,"name":"Shaded","section":"Shading Mode"},"sceneLighting":false,"audioPlay":false,"sceneViewState":{"showFog":true,"showMaterialUpdate":false,"showSkybox":true,"showFlares":true,"showImageEffects":true,"showParticleSystems":true},"in2DMode":false,"pivot":{"x":7.590181350708008,"y":1.015130639076233,"z":20.0},"rotation":{"x":0.44488024711608889,"y":0.055554743856191638,"z":-0.027661791071295739,"w":0.8934372663497925},"size":9.40227222442627,"orthographic":false}