{"cameraMode":{"drawMode":0,"name":"Shaded","section":"Shading Mode"},"sceneLighting":false,"audioPlay":false,"sceneViewState":{"showFog":true,"showMaterialUpdate":false,"showSkybox":true,"showFlares":true,"showImageEffects":true,"showParticleSystems":true},"in2DMode":false,"pivot":{"x":5.7460150718688969,"y":0.3175373077392578,"z":10.858206748962403},"rotation":{"x":-0.11490494012832642,"y":0.7458714246749878,"z":-0.13341738283634187,"w":-0.6423959732055664},"size":2.8578836917877199,"orthographic":false}