{"cameraMode":{"drawMode":0,"name":"Shaded","section":"Shading Mode"},"sceneLighting":false,"audioPlay":false,"sceneViewState":{"showFog":true,"showMaterialUpdate":false,"showSkybox":true,"showFlares":true,"showImageEffects":true,"showParticleSystems":true},"in2DMode":false,"pivot":{"x":-1.6937984228134156,"y":1.8776304721832276,"z":0.2806142568588257},"rotation":{"x":-0.1043318584561348,"y":-0.5827988982200623,"z":0.07577962428331375,"w":-0.8023202419281006},"size":7.445791721343994,"orthographic":false}