{"cameraMode":{"drawMode":0,"name":"Shaded","section":"Shading Mode"},"sceneLighting":true,"audioPlay":false,"sceneViewState":{"showFog":false,"showMaterialUpdate":false,"showSkybox":false,"showFlares":false,"showImageEffects":false,"showParticleSystems":false},"in2DMode":false,"pivot":{"x":3.8239827156066896,"y":2.6334104537963869,"z":41.444801330566409},"rotation":{"x":-0.3121509253978729,"y":0.6700422763824463,"z":-0.3729482889175415,"w":-0.5608161687850952},"size":26.633817672729493,"orthographic":false}