{"cameraMode":{"drawMode":0,"name":"Shaded","section":"Shading Mode"},"sceneLighting":false,"audioPlay":false,"sceneViewState":{"showFog":true,"showMaterialUpdate":false,"showSkybox":true,"showFlares":true,"showImageEffects":true,"showParticleSystems":true},"in2DMode":false,"pivot":{"x":-2.280001163482666,"y":1.9999995231628419,"z":1.4901161193847657e-7},"rotation":{"x":-0.05759361386299133,"y":-0.8899847865104675,"z":0.43685734272003176,"w":-0.11732780933380127},"size":22.0,"orthographic":false}