{"cameraMode":{"drawMode":0,"name":"Shaded","section":"Shading Mode"},"sceneLighting":false,"audioPlay":false,"sceneViewState":{"showFog":true,"showMaterialUpdate":false,"showSkybox":true,"showFlares":true,"showImageEffects":true,"showParticleSystems":true},"in2DMode":false,"pivot":{"x":-2.280001640319824,"y":1.9999995231628419,"z":0.2800014615058899},"rotation":{"x":-0.05759361386299133,"y":-0.8899847865104675,"z":0.43685734272003176,"w":-0.11732780933380127},"size":2.0183334350585939,"orthographic":false}