{"cameraMode":{"drawMode":0,"name":"Shaded","section":"Shading Mode"},"sceneLighting":false,"audioPlay":false,"sceneViewState":{"showFog":true,"showMaterialUpdate":false,"showSkybox":true,"showFlares":true,"showImageEffects":true,"showParticleSystems":true},"in2DMode":false,"pivot":{"x":-1.1628737449645997,"y":0.5823272466659546,"z":-0.12080192565917969},"rotation":{"x":0.18084308505058289,"y":-0.29101690649986269,"z":0.05611715465784073,"w":0.9377930760383606},"size":2.008197069168091,"orthographic":false}